multi-1782394076-sol,1,3.111014545992134,1782394200
multi-1782394076-eth,1,10.077282268293516,1782394200
multi-1782394076-xrp,1,6.937372090824738,1782394200
multi-1782394076-btc,1,9.746156475103817,1782394200
multi-1782394076-eth,5,4.013387376420269,1782395400
multi-1782394076-sol,6,2.0943750062078834,1782395700
multi-1782394076-btc,6,3.6765702583072652,1782395700
multi-1782394076-btc,7,2.7245847257055402,1782396000
multi-1782394076-eth,7,3.692388994336852,1782396000
multi-1782394076-sol,7,6.973483815026043,1782396000
multi-1782394076-xrp,7,8.40141412359958,1782396000
multi-1782394076-btc,9,9.746323421272677,1782396600
multi-1782394076-eth,9,10.256487169792877,1782396600
multi-1782394076-sol,9,2.4139411499631933,1782396600
multi-1782394076-btc,10,-25.64734087200975,1782396900
multi-1782394076-xrp,10,-13.275342079999973,1782396900
multi-1782394076-sol,10,-25.364820362929777,1782396900
multi-1782394076-eth,10,-25.70098864522106,1782396900
multi-1782394076-btc,11,4.662697963371784,1782397200
multi-1782394076-sol,11,5.398246447842439,1782397200
multi-1782394076-xrp,11,4.322310074828124,1782397200
multi-1782394076-eth,11,4.499553088036237,1782397200
multi-1782394076-eth,12,4.342905165471507,1782397500
multi-1782394076-btc,12,4.684433362370896,1782397500
multi-1782394076-xrp,12,2.705665840872257,1782397500
multi-1782394076-sol,12,3.9519950288600967,1782397500
multi-1782394076-xrp,13,-25.227285501253164,1782397751
multi-1782394076-eth,13,2.11122419625724,1782397800
multi-1782394076-sol,13,1.7946818499981418,1782397800
multi-1782394076-btc,13,3.0276767123203854,1782397800
multi-1782394076-xrp,14,6.041839694120313,1782398100
multi-1782394076-sol,14,3.287526879999973,1782398100
multi-1782394076-eth,14,6.28489973453236,1782398100
multi-1782394076-btc,15,1.8199202104775623,1782398400
multi-1782398516-eth,1,7.351068620498722,1782398700
multi-1782398516-btc,1,3.973346838776024,1782398700
multi-1782398516-xrp,1,6.442300467612199,1782398700
multi-1782398516-sol,1,6.534122443213391,1782398701
multi-1782398516-xrp,2,10.150745244681161,1782399000
multi-1782398516-btc,2,8.244096397591647,1782399000
multi-1782398516-sol,2,-25.16335306108033,1782399000
multi-1782398516-eth,2,-25.183776715512522,1782399000
multi-1782398516-btc,3,2.4140331350822635,1782399300
multi-1782398516-eth,3,2.0506470353251416,1782399300
multi-1782398516-xrp,3,1.827058734983666,1782399300
multi-1782398516-sol,4,2.0489839922126976,1782399600
multi-1782398516-btc,4,4.031482769163176,1782399600
multi-1782398516-eth,4,1.768872992052252,1782399600
multi-1782398516-eth,5,2.956882675969041,1782399900
multi-1782398516-xrp,5,3.7081528287702668,1782399900
multi-1782398516-sol,5,1.6321631735577284,1782399900
multi-1782398516-eth,6,10.458842286107142,1782400200
multi-1782398516-xrp,7,3.159774233062876,1782400500
multi-1782398516-eth,7,2.8310156453129594,1782400500
multi-1782398516-sol,7,2.648309866213822,1782400500
multi-1782398516-btc,7,4.7485481659855395,1782400500
multi-1782398516-sol,8,-24.692505660352936,1782400800
multi-1782398516-eth,8,-25.05583881349378,1782400800
multi-1782398516-xrp,8,-25.63220078772781,1782400800
multi-1782398516-btc,8,-25.58528768266501,1782400800
multi-1782398516-xrp,9,4.309319999999957,1782401100
multi-1782398516-sol,9,10.002253437570516,1782401100
multi-1782398516-btc,9,-24.94565549059837,1782401100
multi-1782398516-eth,9,8.472602110767866,1782401100
multi-1782398516-btc,10,9.331332692991396,1782401400
multi-1782398516-eth,10,8.5348084850325,1782401400
multi-1782398516-xrp,10,6.476999303438333,1782401400
multi-1782398516-sol,10,9.805296159791055,1782401400
multi-1782398516-sol,12,2.343912016282502,1782402000
multi-1782398516-xrp,12,-25.261053750620476,1782402000
multi-1782398516-btc,13,6.813969400319024,1782402300
multi-1782398516-eth,13,-24.854628108051543,1782402300
multi-1782398516-sol,13,4.511249530018176,1782402300
multi-1782398516-xrp,13,6.866586841087724,1782402300
multi-1782398516-btc,14,2.0649669126160006,1782402600
multi-1782398516-sol,14,2.480874897391118,1782402600
multi-1782398516-eth,14,2.311752234998721,1782402600
multi-1782398516-xrp,14,-24.801192077882206,1782402600
multi-1782398516-btc,15,7.706349001139756,1782402900
multi-1782398516-eth,15,7.555124132348851,1782402900
multi-1782398516-sol,15,9.361522885053432,1782402900
multi-1782398516-xrp,15,3.958970000000022,1782402900
multi-1782398516-btc,16,1.7950753487872362,1782403200
multi-1782398516-xrp,16,4.189206954451947,1782403200
multi-1782398516-sol,16,1.7804467039296696,1782403200
multi-1782398516-eth,16,3.0082706582219316,1782403200
multi-1782398516-eth,17,8.774522625909412,1782403500
multi-1782398516-btc,17,9.597127940345217,1782403500
multi-1782398516-eth,18,3.0650187146239887,1782403654
multi-1782398516-xrp,19,2.0365066121371456,1782404100
multi-1782398516-btc,19,1.8155498391625997,1782404100
multi-1782398516-btc,20,-25.300123381717412,1782404400
multi-1782398516-eth,20,8.607500184946844,1782404400
multi-1782398516-xrp,20,4.556344146898709,1782404400
multi-1782398516-sol,20,-25.08233190959504,1782404400
multi-1782398516-xrp,21,9.387966137739113,1782404700
multi-1782398516-btc,21,9.943302904868574,1782404700
multi-1782398516-sol,21,9.883843796851238,1782404700
multi-1782398516-eth,21,9.616890420046957,1782404700
multi-1782398516-btc,22,9.559297903386664,1782405000
multi-1782398516-xrp,22,10.250904302954268,1782405000
multi-1782398516-eth,22,9.69156379210176,1782405000
multi-1782398516-sol,22,9.246936324318767,1782405000
multi-1782398516-sol,25,10.050494076694235,1782405900
multi-1782398516-btc,25,10.642614201306856,1782405900
multi-1782398516-eth,25,10.809240712835845,1782405900
multi-1782398516-xrp,25,10.208708809966538,1782405900
multi-1782398516-xrp,26,-25.2958774500388,1782406200
multi-1782398516-sol,26,2.8414094123343148,1782406200
multi-1782398516-eth,26,8.030433455550565,1782406200
multi-1782398516-btc,26,-25.42125067241352,1782406200
multi-1782398516-sol,27,10.33503200151597,1782406500
multi-1782398516-eth,27,-26.020020328639816,1782406500
multi-1782398516-btc,27,9.990907626919352,1782406500
multi-1782398516-xrp,27,8.377640960000008,1782406500
multi-1782398516-btc,28,7.361504813907231,1782406800
multi-1782398516-sol,28,8.303011548211089,1782406800
multi-1782398516-eth,28,6.553872200000001,1782406800
multi-1782398516-xrp,28,-24.872921537787875,1782406800
multi-1782398516-sol,29,10.368230252908006,1782407100
multi-1782398516-eth,29,10.362502428869902,1782407100
multi-1782398516-xrp,29,-24.25109849934313,1782407100
multi-1782398516-xrp,30,6.839066222760039,1782407400
multi-1782398516-eth,32,4.5088179073075025,1782408000
multi-1782398516-btc,32,4.702483800291361,1782408000
multi-1782398516-xrp,32,4.557331047878733,1782408000
multi-1782398516-sol,32,2.1698077724240648,1782408000
multi-1782398516-eth,33,10.959907863984881,1782408300
multi-1782398516-xrp,33,5.87803105566627,1782408300
multi-1782398516-sol,33,6.729387567713729,1782408300
multi-1782398516-btc,34,1.8214704540336015,1782408600
multi-1782398516-xrp,34,1.6904404586996407,1782408600
multi-1782398516-eth,34,1.6371948522598814,1782408600
multi-1782398516-xrp,35,9.253422767858979,1782408900
multi-1782398516-sol,35,1.883754469051155,1782408900
multi-1782398516-btc,35,9.115041644916118,1782408900
multi-1782398516-eth,35,10.948298245479009,1782408900
multi-1782398516-btc,36,3.072140783216355,1782409200
multi-1782398516-xrp,36,9.155121091406045,1782409200
multi-1782398516-sol,36,10.40808098662501,1782409200
multi-1782398516-eth,36,10.67941385411018,1782409200
multi-1782398516-btc,37,8.437221769503594,1782409500
multi-1782398516-xrp,37,7.034400873651407,1782409500
multi-1782398516-eth,37,-26.760770004224014,1782409500
multi-1782398516-sol,37,9.958079820453122,1782409500
multi-1782398516-btc,38,5.198355446609867,1782409800
multi-1782398516-eth,38,3.949172490204319,1782409800
multi-1782398516-sol,38,6.994052869566758,1782409800
multi-1782398516-xrp,38,-24.75501637480761,1782409800
multi-1782398516-eth,39,10.557154414838351,1782410100
multi-1782398516-btc,39,5.604643517079012,1782410100
multi-1782398516-xrp,39,4.309319999999957,1782410100
multi-1782398516-sol,39,3.8337555259463443,1782410100
multi-1782398516-btc,40,6.427910139175083,1782410400
multi-1782398516-sol,40,9.717742000000044,1782410400
multi-1782398516-eth,40,10.055127884455942,1782410400
multi-1782398516-xrp,40,8.397169580554987,1782410400
multi-1782398516-btc,41,4.909359968374702,1782410562
multi-1782398516-xrp,41,4.559704908018034,1782410700
multi-1782398516-eth,41,4.60771993698927,1782410700
multi-1782398516-btc,42,10.198143909173268,1782411000
multi-1782398516-sol,42,9.114026824492157,1782411000
multi-1782398516-eth,42,11.347375912397865,1782411000
multi-1782398516-xrp,42,8.71465607999994,1782411000
multi-1782398516-eth,43,2.2636510256334077,1782411300
multi-1782398516-btc,43,2.230414862479847,1782411300
multi-1782398516-sol,44,2.623501267970596,1782411600
multi-1782398516-btc,44,2.8780324778283557,1782411600
multi-1782398516-xrp,44,3.9392813066863255,1782411600
multi-1782398516-eth,44,5.451871216356722,1782411600
multi-1782398516-btc,45,2.2410806853795293,1782411900
multi-1782398516-eth,45,1.962406966613571,1782411900
multi-1782398516-sol,46,8.10581820678567,1782412200
multi-1782398516-btc,46,11.37676169926931,1782412200
multi-1782398516-xrp,46,6.9052227163787165,1782412200
multi-1782398516-eth,46,10.892020846438072,1782412200
multi-1782398516-btc,48,10.953947879471116,1782412728
multi-1782398516-eth,48,11.684964149498,1782412730
multi-1782398516-sol,48,10.129057767217319,1782412732
multi-1782398516-xrp,48,3.323886266303589,1782412800
multi-1782398516-eth,49,11.808555532179298,1782413100
multi-1782398516-sol,49,11.452999273392379,1782413100
multi-1782398516-xrp,49,10.084445505712779,1782413100
multi-1782398516-btc,51,9.236911625122502,1782413700
multi-1782398516-sol,50,6.631650000000036,1782413700
multi-1782398516-eth,50,9.769588615626617,1782413700
multi-1782398516-xrp,51,6.172628160000045,1782413700
multi-1782398516-btc,52,-27.679627733171856,1782414000
multi-1782398516-xrp,52,-25.546298828528847,1782414000
multi-1782398516-eth,51,-28.450490978899325,1782414000
multi-1782398516-sol,51,-28.474790405967042,1782414000
multi-1782398516-btc,53,3.930569799009618,1782414300
multi-1782398516-eth,52,1.9941588355297881,1782414300
multi-1782398516-sol,52,5.97818088746385,1782414300
multi-1782398516-xrp,53,4.997297596123076,1782414300
multi-1782398516-btc,54,4.673303459754152,1782414600
multi-1782398516-sol,53,8.489814828533099,1782414600
multi-1782398516-xrp,54,-25.03257379771867,1782414600
multi-1782398516-eth,53,8.171178145878002,1782414600
multi-1782398516-eth,54,9.1946654404926,1782414900
multi-1782398516-btc,55,7.109839756212068,1782414900
multi-1782398516-sol,54,11.309186899999986,1782414900
multi-1782398516-xrp,55,7.529070188259652,1782414900
multi-1782398516-btc,56,11.584088138313746,1782415200
multi-1782398516-sol,55,11.740081305605145,1782415200
multi-1782398516-xrp,56,7.8727510519541966,1782415200
multi-1782398516-eth,55,8.57603772627317,1782415200
multi-1782398516-btc,57,-27.6700820686749,1782415500
multi-1782398516-eth,56,-28.437629708131226,1782415500
multi-1782398516-xrp,57,6.260860784093211,1782415500
multi-1782398516-sol,56,11.564217096577295,1782415500
multi-1782398516-btc,58,5.398604232827665,1782415800
multi-1782398516-xrp,58,7.56851689076575,1782415800
multi-1782398516-eth,57,2.919133376076843,1782415800
multi-1782398516-sol,57,10.282544585597861,1782415800
multi-1782398516-xrp,60,6.2370578295268615,1782416400
multi-1782398516-eth,59,1.4670295535581772,1782416400
multi-1782398516-sol,59,2.790043936050097,1782416400
multi-1782398516-btc,61,11.471048059364875,1782416700
multi-1782398516-xrp,61,-25.29346587139071,1782416700
multi-1782398516-eth,60,-27.8363430386687,1782416700
multi-1782398516-sol,60,10.497088666109676,1782416700
multi-1782398516-eth,61,3.9528237271611033,1782417000
multi-1782398516-xrp,62,5.281890885819621,1782417000
multi-1782398516-btc,62,2.946601209702976,1782417000
multi-1782398516-sol,61,8.697549040245121,1782417000
multi-1782398516-btc,63,9.51587289676263,1782417222
multi-1782398516-eth,62,11.018453978091884,1782417226
multi-1782398516-sol,62,2.8424751110944726,1782417300
multi-1782398516-xrp,63,7.798566401756148,1782417300
multi-1782398516-eth,63,11.456111089269598,1782417600
multi-1782398516-xrp,64,10.072501870333895,1782417600
multi-1782398516-sol,63,3.2119697979189823,1782417600
multi-1782398516-eth,65,11.762051525025072,1782418200
multi-1782398516-xrp,66,8.446135180872602,1782418200
multi-1782398516-sol,65,6.379836159999968,1782418200
multi-1782398516-btc,66,9.900158235065646,1782418200
multi-1782398516-btc,67,11.828905498073937,1782418500
multi-1782398516-eth,66,10.77893391618386,1782418500
multi-1782398516-xrp,67,5.108606039729011,1782418500
multi-1782398516-sol,66,8.46693960000016,1782418500
multi-1782398516-btc,68,11.389287894235622,1782418800
multi-1782398516-eth,67,11.995338640792625,1782418800
multi-1782398516-sol,67,2.8923223446070097,1782418800
multi-1782398516-xrp,68,4.065341219067136,1782418800
multi-1782398516-sol,68,9.649357463207252,1782419100
multi-1782398516-xrp,69,-25.680455264545344,1782419100
multi-1782398516-btc,69,12.074483369602149,1782419100
multi-1782398516-eth,68,10.997372151980244,1782419100
multi-1782398516-sol,69,-30.63271083889299,1782419400
multi-1782398516-btc,70,-28.841454051848814,1782419400
multi-1782398516-eth,69,-28.939461588414588,1782419400
multi-1782398516-xrp,70,5.464512871909278,1782419400
multi-1782398516-btc,72,-28.120417700552707,1782420000
multi-1782398516-sol,71,5.299514799999997,1782420000
multi-1782398516-xrp,72,8.103203519999965,1782420000
multi-1782398516-eth,71,-28.215975048704195,1782420000
multi-1782420096-btc,1,6.937372090824738,1782420300
multi-1782420096-sol,1,10.226158672787847,1782420300
multi-1782420096-eth,1,8.129954035465857,1782420300
multi-1782420096-xrp,1,4.494509999999991,1782420300
multi-1782420096-xrp,2,8.009034000000042,1782420600
multi-1782420096-eth,2,5.427007572600587,1782420600
multi-1782420096-sol,2,3.4382502772577936,1782420600
multi-1782420096-btc,2,6.183530805278451,1782420600
multi-1782420096-btc,3,8.344801070796962,1782420900
multi-1782420096-eth,3,10.72035007628267,1782420900
multi-1782420096-sol,3,9.930265025308927,1782420900
multi-1782420096-xrp,3,3.4084199999999782,1782420900
multi-1782420096-sol,4,4.415183088218214,1782421200
multi-1782420096-eth,4,5.13988384330969,1782421200
multi-1782420096-xrp,4,9.76562531711295,1782421200
multi-1782420096-btc,4,7.94253255529577,1782421200
multi-1782420096-xrp,5,10.546716741114778,1782421500
multi-1782420096-sol,5,4.132978177464111,1782421500
multi-1782420096-eth,5,10.294653447021119,1782421500
multi-1782420096-btc,5,10.888008355660531,1782421500
multi-1782420096-eth,6,9.481014424501836,1782421800
multi-1782420096-xrp,6,8.927674161751838,1782421800
multi-1782420096-sol,6,10.176197938832729,1782421800
multi-1782420096-btc,6,9.445996434993276,1782421800
multi-1782420096-sol,7,-26.05797582949674,1782422100
multi-1782420096-eth,7,-26.229821584979504,1782422100
multi-1782420096-btc,7,-26.24355603282129,1782422100
multi-1782420096-xrp,7,6.418203996608781,1782422100
multi-1782420096-eth,8,7.717740000000163,1782422400
multi-1782420096-sol,8,5.851041655490576,1782422400
multi-1782420096-btc,8,7.902695078846364,1782422400
multi-1782420096-xrp,8,4.236257707579398,1782422400
multi-1782420096-xrp,9,9.627779192125672,1782422700
multi-1782420096-eth,9,9.885720436761176,1782422700
multi-1782420096-btc,9,8.469320855041587,1782422700
multi-1782420096-sol,9,4.148212838016661,1782422700
multi-1782420096-btc,10,7.213969980667798,1782423000
multi-1782420096-eth,10,3.120562087102826,1782423000
multi-1782420096-xrp,10,6.7844413600000735,1782423000
multi-1782420096-btc,11,1.8818594154686252,1782423300
multi-1782420096-eth,11,7.672215228275945,1782423300
multi-1782420096-sol,11,9.304764702809734,1782423300
multi-1782420096-xrp,12,4.624918266770237,1782423600
multi-1782420096-eth,12,7.728614208890349,1782423600
multi-1782420096-sol,12,8.314631157221584,1782423600
multi-1782420096-btc,13,7.27707113366364,1782423767
multi-1782420096-sol,13,5.4065190511846595,1782423900
multi-1782420096-xrp,13,1.6820902301001297,1782423900
multi-1782420096-eth,13,-26.477197344380784,1782423900
multi-1782420096-eth,14,10.367527510057698,1782424200
multi-1782420096-sol,14,8.076069355938898,1782424200
multi-1782420096-btc,14,5.686014984703434,1782424200
multi-1782420096-xrp,14,11.300068294154471,1782424200
multi-1782420096-sol,15,2.207412289308877,1782424500
multi-1782420096-xrp,15,6.274584420566271,1782424500
multi-1782420096-xrp,16,3.6917469636280202,1782424800
multi-1782420096-btc,16,6.818615815593603,1782424800
multi-1782420096-eth,16,5.687475291174906,1782424800
multi-1782420096-sol,16,3.450662799999918,1782424800
multi-1782420096-eth,17,-26.21664248080208,1782425100
multi-1782420096-xrp,17,5.434811573208663,1782425100
multi-1782420096-sol,17,9.906130500987047,1782425100
multi-1782420096-btc,17,3.544348381184818,1782425100
multi-1782420096-btc,18,8.337743205401466,1782425400
multi-1782420096-eth,18,6.680807328760807,1782425400
multi-1782420096-xrp,19,7.200693691464949,1782425700
multi-1782420096-eth,19,1.6099105720363696,1782425700
multi-1782420096-btc,20,4.293719082269945,1782426000
multi-1782420096-eth,20,-25.76849436630198,1782426000
multi-1782420096-xrp,20,-19.812032240000008,1782426000
multi-1782420096-sol,20,1.9283033119270385,1782426000
multi-1782420096-eth,21,2.396751791452175,1782426300
multi-1782420096-xrp,21,3.62594966622396,1782426300
multi-1782420096-sol,21,-26.871370125331396,1782426300
multi-1782420096-btc,21,3.253586223766206,1782426300
multi-1782420096-eth,22,8.72286356487598,1782426600
multi-1782420096-btc,22,7.999268425280434,1782426600
multi-1782420096-xrp,22,3.726228737738211,1782426600
multi-1782420096-sol,22,7.935922495338673,1782426600
multi-1782420096-eth,23,5.098803925722677,1782426900
multi-1782420096-sol,23,2.8066348398256196,1782426900
multi-1782420096-xrp,23,1.9769027963579902,1782426900
multi-1782420096-btc,24,2.2886853638065077,1782427072
multi-1782420096-eth,24,-25.52974248919577,1782427200
multi-1782420096-xrp,24,-27.54861562191263,1782427200
multi-1782420096-sol,25,7.315294440000116,1782427481
multi-1782420096-btc,25,10.535874789533864,1782427481
multi-1782420096-sol,26,4.108840880000116,1782427800
multi-1782420096-xrp,26,-26.859900231364918,1782427800
multi-1782420096-eth,26,-23.150727599999982,1782427800
multi-1782420096-btc,26,-27.725036450381367,1782427800
multi-1782420096-xrp,27,7.700509819879926,1782428100
multi-1782420096-btc,27,7.948537172650731,1782428100
multi-1782420096-eth,27,10.050485737647932,1782428100
multi-1782420096-sol,27,9.266497704164976,1782428100
multi-1782420096-btc,28,-27.230623968438067,1782428400
multi-1782420096-xrp,28,10.976094099791453,1782428400
multi-1782420096-sol,28,-26.985415631181468,1782428400
multi-1782420096-eth,28,9.424169760839618,1782428400
multi-1782420096-sol,29,3.8319901089757877,1782428700
multi-1782420096-eth,29,4.733683519426904,1782428700
multi-1782420096-xrp,29,8.821662408393195,1782428700
multi-1782420096-xrp,30,1.8609162185377954,1782429000
multi-1782420096-eth,30,1.7913377899977831,1782429000
multi-1782420096-btc,30,1.9086556159584234,1782429000
multi-1782420096-sol,31,3.502943582081116,1782429300
multi-1782420096-xrp,31,3.218733899715744,1782429300
multi-1782420096-eth,32,7.764029143743528,1782429600
multi-1782420096-btc,32,9.701610699213006,1782429600
multi-1782420096-sol,32,3.1172498505604835,1782429600
multi-1782420096-xrp,32,9.849437289459047,1782429600
multi-1782420096-eth,33,10.643307232566372,1782429900
multi-1782420096-xrp,33,6.693388124629337,1782429900
multi-1782420096-sol,33,6.072488516133944,1782429900
multi-1782420096-btc,33,5.004661368833013,1782429900
multi-1782420096-btc,34,10.760936399973616,1782430200
multi-1782420096-xrp,34,2.2284631054317288,1782430200
multi-1782420096-eth,34,-25.422906066571386,1782430200
multi-1782420096-btc,35,9.933843284688692,1782430500
multi-1782420096-xrp,35,5.115881424410873,1782430500
multi-1782420096-sol,35,-26.723897041845703,1782430500
multi-1782420096-eth,35,7.392680277091699,1782430500
multi-1782420096-xrp,36,9.451110311350703,1782430800
multi-1782420096-sol,36,5.276706139489761,1782430800
multi-1782420096-eth,36,8.202321943346192,1782430800
multi-1782420096-btc,36,9.02690148317356,1782430800
multi-1782430924-btc,1,7.054097587805472,1782431100
multi-1782430924-xrp,1,7.054097587805472,1782431100
multi-1782430924-sol,1,2.412151340722744,1782431100
multi-1782430924-eth,1,7.403871057717197,1782431100
multi-1782430924-sol,2,2.32014579327074,1782431400
multi-1782430924-btc,2,1.4762438140458016,1782431400
multi-1782430924-xrp,2,1.2288426196988667,1782431400
multi-1782430924-sol,3,3.2851447351041543,1782431700
multi-1782430924-btc,3,2.349738031931224,1782431700
multi-1782430924-xrp,3,7.362286215411473,1782431700
multi-1782430924-sol,4,6.2817112490057525,1782432000
multi-1782430924-eth,4,4.072821138699737,1782432000
multi-1782430924-xrp,4,5.26075716736716,1782432000
multi-1782430924-btc,4,6.155555612681724,1782432000
multi-1782430924-xrp,5,5.516009665181059,1782432300
multi-1782430924-eth,5,7.169751454575135,1782432300
multi-1782430924-btc,5,7.154833352741889,1782432300
multi-1782430924-sol,5,7.282463852895489,1782432300
multi-1782430924-xrp,6,-18.16054983138656,1782432600
multi-1782430924-eth,6,-17.966161091274785,1782432600
multi-1782430924-sol,6,-18.039540424274946,1782432600
multi-1782430924-btc,6,7.659732641793653,1782432600
multi-1782430924-xrp,7,-17.706536085601897,1782432900
multi-1782430924-btc,7,-18.296255026024937,1782432900
multi-1782430924-eth,7,-17.517007063992992,1782432900
multi-1782430924-sol,7,-17.588551913668084,1782432900
multi-1782430924-btc,8,4.058386900418327,1782433200
multi-1782430924-sol,8,2.589357307816954,1782433200
multi-1782430924-eth,8,7.225789718768624,1782433200
multi-1782430924-xrp,8,-17.26387268346184,1782433200
multi-1782430924-xrp,9,6.576823048883398,1782433500
multi-1782430924-btc,9,7.2315820379971,1782433500
multi-1782430924-sol,9,-17.21357204852177,1782433500
multi-1782430924-eth,9,6.621830358856641,1782433500
multi-1782430924-btc,10,5.952033614138372,1782433800
multi-1782430924-sol,10,2.1075366260406554,1782433800
multi-1782430924-xrp,10,6.851220307222206,1782433800
multi-1782430924-eth,10,3.2356014660758774,1782433800
multi-1782430924-xrp,11,7.263399294955434,1782434100
multi-1782430924-sol,11,6.92686263043754,1782434100
multi-1782430924-btc,12,5.37213116550231,1782434270
multi-1782430924-xrp,12,6.933304691931085,1782434400
multi-1782430924-sol,13,3.784217037815324,1782434700
multi-1782430924-eth,13,3.2642339543390335,1782434700
multi-1782430924-btc,13,6.045021646499549,1782434700
multi-1782430924-xrp,13,1.6716111088101115,1782434700
multi-1782430924-sol,14,6.147799881887863,1782435000
multi-1782430924-xrp,14,-17.564684827670362,1782435000
multi-1782430924-btc,14,6.882637962430522,1782435000
multi-1782430924-eth,14,7.089476214997603,1782435000
multi-1782430924-eth,15,-17.765005180219077,1782435300
multi-1782430924-xrp,15,6.639611306499091,1782435300
multi-1782430924-sol,15,-17.25739315171336,1782435300
multi-1782430924-btc,15,7.606795988404315,1782435300
multi-1782430924-btc,16,7.25787251499662,1782435600
multi-1782430924-eth,16,5.999303876832755,1782435600
multi-1782430924-sol,16,5.451140330290514,1782435600
multi-1782430924-xrp,16,2.2937976860223444,1782435600
multi-1782430924-xrp,17,5.5271749690366505,1782435900
multi-1782430924-eth,18,1.6666474821857946,1782436131
multi-1782430924-sol,18,-16.962236831177734,1782436200
multi-1782430924-xrp,20,-17.487082306017555,1782436800
multi-1782430924-sol,20,1.5776735316489976,1782436800
multi-1782430924-eth,20,1.8832957782689164,1782436800
multi-1782430924-sol,21,7.013633215701589,1782437100
multi-1782430924-btc,21,4.991810846628823,1782437100
multi-1782430924-xrp,21,2.531129191532159,1782437100
multi-1782430924-eth,21,3.7811055104963316,1782437100
multi-1782437254-sol,1,9.269159801946671,1782437400
multi-1782437254-btc,1,4.661549851573568,1782437400
multi-1782437254-eth,1,10.576958653881775,1782437400
multi-1782437254-xrp,1,5.991410067764718,1782437400
multi-1782437254-btc,2,7.811869782569374,1782437700
multi-1782437254-sol,2,-23.483059600000047,1782437700
multi-1782437254-eth,2,8.750649863256058,1782437700
multi-1782437254-xrp,2,3.591523607621866,1782437700
multi-1782437254-eth,3,10.781385970045903,1782438000
multi-1782437254-eth,4,4.801904430356444,1782438300
multi-1782437254-xrp,4,10.098874002854586,1782438300
multi-1782437254-eth,5,10.586127177187564,1782438600
multi-1782437254-xrp,5,10.275621399817396,1782438600
multi-1782437254-btc,5,-25.311835490853582,1782438600
multi-1782437254-sol,5,-24.64465250504861,1782438600
multi-1782437254-btc,6,7.256692544557495,1782438900
multi-1782437254-eth,6,8.129391064206857,1782438900
multi-1782437254-sol,6,9.685693668197814,1782438900
multi-1782437254-xrp,6,8.862525360000063,1782438900
multi-1782437254-btc,7,-24.86045691719619,1782439200
multi-1782437254-eth,7,-26.34066042897348,1782439200
multi-1782437254-xrp,7,10.333869984817056,1782439200
multi-1782437254-sol,7,-24.27067853412734,1782439200
multi-1782437254-xrp,9,6.606466559999944,1782439800
multi-1782437254-btc,11,-24.238945494266318,1782440400
multi-1782437254-sol,11,2.5051359067200565,1782440400
multi-1782437254-xrp,11,-26.394007274571777,1782440400
multi-1782437254-xrp,12,7.141096927834042,1782440700
multi-1782437254-sol,12,9.257998994592299,1782440700
multi-1782437254-eth,12,7.9877870933235045,1782440700
multi-1782437254-btc,12,3.756079760741386,1782440700
multi-1782437254-eth,14,9.530536893594672,1782441300
multi-1782437254-sol,15,5.517448341692557,1782441600
multi-1782437254-xrp,15,2.674812982106687,1782441600
multi-1782437254-btc,15,3.4556613328423964,1782441600
multi-1782437254-eth,15,3.804219094362452,1782441600
multi-1782437254-btc,16,-23.813265384249235,1782441900
multi-1782437254-xrp,16,6.593514036372881,1782441900
multi-1782437254-sol,16,8.441114137448267,1782441900
multi-1782437254-eth,16,-26.215207495280993,1782441900
multi-1782437254-xrp,17,9.877840118673475,1782442200
multi-1782437254-sol,17,6.55722471535239,1782442200
multi-1782437254-btc,17,9.823005011941632,1782442200
multi-1782437254-eth,17,5.130428719606016,1782442200
multi-1782437254-sol,18,5.301637233783026,1782442500
multi-1782437254-xrp,18,9.949524699999984,1782442500
multi-1782437254-eth,18,10.107575362483658,1782442500
multi-1782437254-btc,18,9.926902529809695,1782442500
multi-1782437254-xrp,19,7.363286001909728,1782442800
multi-1782437254-eth,19,9.487339230754742,1782442800
multi-1782437254-sol,19,-24.60342555401394,1782442800
multi-1782437254-xrp,23,2.240224552523159,1782444000
multi-1782437254-sol,23,7.053597312328634,1782444000
multi-1782437254-btc,23,-23.7116814381867,1782444000
multi-1782437254-eth,23,10.55210804416538,1782444000
multi-1782437254-xrp,24,6.498297572618185,1782444300
multi-1782437254-btc,24,7.593602098596989,1782444300
multi-1782437254-eth,24,8.685029285277778,1782444300
multi-1782437254-sol,24,3.420512111963717,1782444300
multi-1782437254-eth,25,3.0617947856771934,1782444600
multi-1782437254-sol,26,4.521739278073255,1782444900
multi-1782437254-xrp,26,2.9081611430844987,1782444900
multi-1782437254-sol,27,5.67235159570987,1782445200
multi-1782437254-eth,27,10.257360161770748,1782445200
multi-1782437254-eth,28,-26.99186819764236,1782445500
multi-1782437254-btc,28,-23.308729454697072,1782445500
multi-1782437254-xrp,28,-27.115326043585583,1782445500
multi-1782437254-sol,28,-24.50504492261541,1782445500
multi-1782437254-sol,29,1.4873585351640486,1782445800
multi-1782437254-btc,30,2.167966753621158,1782445994
multi-1782437254-eth,30,6.146944162457885,1782445994
multi-1782437254-xrp,30,9.742384412942556,1782446100
multi-1782437254-sol,30,2.063561082909473,1782446100
multi-1782437254-btc,31,1.9024934460575196,1782446334
multi-1782437254-eth,31,2.2107091287978164,1782446400
multi-1782437254-xrp,31,1.9180835000397565,1782446400
multi-1782437254-sol,31,-23.981191790001958,1782446400
multi-1782437254-xrp,32,6.136437548344247,1782446700
multi-1782437254-eth,32,6.515774346677063,1782446700
multi-1782437254-btc,32,3.628106343460331,1782446700
multi-1782437254-xrp,33,8.820403524789981,1782447000
multi-1782437254-btc,34,9.696310660977929,1782447300
multi-1782437254-sol,34,9.892274887312624,1782447300
multi-1782437254-xrp,34,-27.10287561714904,1782447300
multi-1782437254-eth,34,6.5557872536458035,1782447300
multi-1782437254-btc,36,8.448058658984792,1782447900
multi-1782437254-xrp,36,8.427690960000064,1782447900
multi-1782437254-eth,36,9.695413618973816,1782447900
multi-1782437254-sol,36,6.947926863045609,1782447900
multi-1782437254-btc,37,-23.37208461490718,1782448200
multi-1782437254-xrp,37,6.134184558523657,1782448200
multi-1782437254-sol,37,7.818194863728422,1782448200
multi-1782437254-eth,37,-27.09518720546521,1782448200
multi-1782437254-btc,38,8.74271262796185,1782448500
multi-1782437254-sol,38,8.455678799999987,1782448500
multi-1782437254-xrp,38,9.729501173263543,1782448500
multi-1782437254-eth,38,-26.4178075253285,1782448500
multi-1782437254-sol,39,9.34326486260295,1782448800
multi-1782437254-xrp,39,7.358818160000055,1782448800
multi-1782437254-btc,39,7.556637647911771,1782448800
multi-1782437254-eth,39,10.803916744951948,1782448800
multi-1782437254-xrp,40,-27.2165585980149,1782449100
multi-1782437254-sol,40,8.130391359999976,1782449100
multi-1782437254-eth,40,6.066771857346339,1782449100
multi-1782437254-btc,40,8.46060008546624,1782449100
multi-1782437254-sol,41,6.138848644774157,1782449400
multi-1782437254-xrp,41,4.82492930832791,1782449400
multi-1782437254-eth,41,9.548980523808723,1782449400
multi-1782437254-btc,41,8.537751338026737,1782449400
multi-1782437254-eth,42,-23.699675999999954,1782449700
multi-1782437254-xrp,42,-26.656767865772736,1782449700
multi-1782437254-sol,42,3.226128039009268,1782449700
multi-1782437254-btc,42,-23.62022504201866,1782449700
multi-1782437254-eth,43,10.409978568844735,1782450000
multi-1782437254-btc,43,9.7433756029277,1782450000
multi-1782437254-xrp,43,10.012908550603242,1782450000
multi-1782437254-sol,44,-24.880479703263745,1782450300
multi-1782437254-eth,44,-26.085611629569144,1782450300
multi-1782437254-xrp,44,-26.240671382893424,1782450300
multi-1782437254-btc,45,-23.273303806041326,1782450600
multi-1782437254-xrp,45,-25.584654598321094,1782450600
multi-1782437254-sol,45,6.183469293314033,1782450600
multi-1782437254-eth,45,3.10695834228477,1782450600
multi-1782437254-btc,46,2.440238776340152,1782450900
multi-1782437254-xrp,46,5.073853732079101,1782450900
multi-1782437254-eth,46,9.305329617571147,1782450900
multi-1782437254-sol,46,5.411599787201226,1782450900
multi-1782437254-eth,48,1.8507069528914144,1782451500
multi-1782437254-btc,50,7.076587692228713,1782452100
multi-1782437254-xrp,50,6.85240549773664,1782452100
multi-1782437254-sol,50,9.811517912828435,1782452100
multi-1782437254-eth,50,8.191951071446965,1782452100
multi-1782437254-eth,51,10.478295618759603,1782452400
multi-1782437254-xrp,51,4.289347415904217,1782452400
multi-1782437254-sol,51,3.288979317424946,1782452400
multi-1782437254-btc,51,5.280565500815783,1782452400
multi-1782437254-btc,52,4.6289397140125175,1782452700
multi-1782437254-eth,52,6.046857482052701,1782452700
multi-1782437254-btc,53,1.6661918784064937,1782453000
multi-1782437254-sol,53,-24.875856868451365,1782453000
multi-1782437254-xrp,53,-25.350428399506086,1782453000
multi-1782437254-btc,54,-23.21878429993535,1782453300
multi-1782437254-sol,54,10.255773704979106,1782453300
multi-1782437254-eth,54,11.172641887365899,1782453300
multi-1782437254-xrp,54,-24.71666768951843,1782453300
multi-1782437254-btc,55,7.841064004926352,1782453600
multi-1782437254-sol,55,10.058562233731095,1782453600
multi-1782437254-eth,55,11.24294782493007,1782453600
multi-1782437254-xrp,55,-23.98323928000002,1782453600
multi-1782437254-sol,56,9.655191907485232,1782453900
multi-1782437254-btc,57,8.76057527641126,1782454200
multi-1782437254-sol,57,10.561717680802303,1782454200
multi-1782437254-xrp,57,9.247221010979274,1782454200
multi-1782437254-eth,57,9.65430778439918,1782454200
multi-1782437254-sol,58,3.408494906388569,1782454500
multi-1782437254-btc,58,6.693884979999893,1782454500
multi-1782437254-xrp,58,3.4561676895577875,1782454500
multi-1782437254-eth,58,2.9261309801727293,1782454500
multi-1782437254-btc,59,4.329778547438991,1782454800
multi-1782437254-eth,59,9.449765511163605,1782454800
multi-1782437254-sol,59,1.822574830777171,1782454800
multi-1782437254-xrp,59,-23.816754732793925,1782454800
multi-1782437254-btc,61,-23.32894726265647,1782455400
multi-1782437254-eth,61,-27.519118665655924,1782455400
multi-1782437254-xrp,61,4.751591228548591,1782455400
multi-1782437254-sol,61,5.1580461940855,1782455401
multi-1782437254-sol,62,5.878779303972578,1782455700
multi-1782437254-eth,62,10.293978916846754,1782455700
multi-1782437254-btc,62,9.168603076929003,1782455700
multi-1782437254-xrp,62,7.096202790044231,1782455700
multi-1782437254-sol,63,1.8456862221019037,1782456000
multi-1782437254-sol,64,6.3646316060085155,1782456300
multi-1782437254-btc,64,9.720199050451015,1782456300
multi-1782437254-xrp,64,8.067092527429054,1782456300
multi-1782437254-eth,64,9.382438053391297,1782456300
multi-1782437254-btc,65,9.358950867676526,1782456600
multi-1782437254-sol,65,10.846285627729912,1782456600
multi-1782437254-eth,65,9.626091653195544,1782456600
multi-1782437254-xrp,65,7.399300319999952,1782456600
multi-1782437254-eth,66,-27.56370341460024,1782456900
multi-1782437254-xrp,66,-23.904190536124588,1782456900
multi-1782437254-sol,66,-26.150354052191574,1782456900
multi-1782437254-btc,66,2.2372151785175447,1782456900
multi-1782437254-eth,67,-26.87461082923528,1782457208
multi-1782437254-btc,67,-23.507847785429362,1782457208
multi-1782437254-sol,67,-25.49659520088676,1782457208
multi-1782437254-xrp,67,9.079815297285336,1782457208
multi-1782437254-btc,68,9.697019828660927,1782457500
multi-1782437254-eth,68,5.343611400047166,1782457500
multi-1782437254-sol,68,1.9373282358840243,1782457500
multi-1782437254-xrp,68,8.9725268831927,1782457500
multi-1782437254-xrp,70,4.768740488952176,1782458100
multi-1782437254-eth,70,-26.336335843505594,1782458100
multi-1782437254-sol,70,8.69444954057758,1782458100
multi-1782437254-btc,69,-23.16257708651017,1782458100
multi-1782437254-btc,70,4.210966803407587,1782458400
multi-1782437254-xrp,71,9.050837406276855,1782458400
multi-1782437254-eth,71,5.529219964073263,1782458400
multi-1782437254-sol,71,9.478679456562304,1782458400
